Incident Number,Incident Date,Incident Location,Victim ID,Victim Race,Victim Sex,Victim Age,Incident Method
249,12/30/2021,"7300 block of Meridian Hills Ct, Indianapolis, IN 46260",Damion Cornelius,Black,Male,29,Firearms
248,12/30/2021,"7300 block of Meridian Hills Ct, Indianapolis, IN 46260",Aushette Thompson,Black,Male,28,Firearms
247,12/29/2021,"2000 block of E 46th St, Indianapolis, IN 46205",DeJuan Alexander,Black,Male,37,Firearms
246,12/29/2021,"3900 block of N Keystone Ave, Indianapolis, IN 46205",James Hunter,Black,Male,32,Firearms
245,12/29/2021,"4400 block of N Bolton Ave, Indianapolis, IN 46226",Doris Bell,Black,Female,78,Firearms
244,12/28/2021,"7200 block of Rue De Margot Dr, Indianapolis, IN 46260",George Qualls III,Black,Male,22,Firearms
243,12/28/2021,"7200 block of Rue De Margot Dr, Indianapolis, IN 46260",Jaivin Hoskin,Black,Male,17,Firearms
242,12/26/2021,"8200 block of Center Run Dr, Indianapolis, IN 46250",Ke-Yohnna Renee Stone,Black,Female,32,Firearms
241,12/20/2021,"3900 block of Diamond Ln, Indianapolis, IN 46254",D'Lon Edwards,Black,Male,34,Firearms
240,12/15/2021,"2300 block of Adams St, Indianapolis, IN 46218",Jamel Perry,Black,Male,35,Firearms
239,12/15/2021,"2300 block of Adams St, Indianapolis, IN 46218",Dominick Patton,Black,Male,30,
238,12/14/2021,"4200 block of N Edmondson Ave, Indianapolis, IN 46226",Michael Wilson Sr,Black,Male,49,Firearms
237,12/11/2021,"2900 block of E Brookside Ave, Indianapolis, IN 46218",Tuan Anh Nguyen,Asian,Male,44,Firearms
236,12/11/2021,"5800 block of W 62nd St, Indianapolis, IN 46278",Curtis Wright Jr,Black,Male,18,Firearms
235,12/10/2021,"6800 block of East 21st St, Indianapolis, IN 46219",Michelle Rutledge,Black,Female,31,Firearms
234,12/9/2021,"3700 block of St Thomas Blvd, Indianapolis, IN 46214",Jeffrey Venerable,Black,Male,34,Firearms
233,12/5/2021,"800 block of Eugene St, Indianapolis, IN 46208",Maurice Nash,Black,Male,50,Firearms
232,12/3/2021,"2900 block of E 19th St, Indianapolis, IN 46218",Derek Collier,Black,Male,48,Firearms
231,12/1/2021,"8800 block of Westfield Way, Indianapolis, IN 46240",Blake Coffman,White,Male,20,Firearms
230,12/1/2021,"8800 block of Westfield Way, Indianapolis, IN 46240",Andrew Jones,White,Male,21,Firearms
